epoch,steps,cosine_pearson,cosine_spearman
1.0,111,0.6273991966678781,0.29278179523926967
2.0,222,0.6199025917415163,0.3054442784364189
